chain	resid	icode	resname
A	29		THR
A	30		VAL
A	31		SER
A	32		LEU
A	33		TRP
A	34		GLU
A	35		THR
A	36		VAL
A	39		TRP
A	43		ARG
A	67		ASP
A	68		GLU
A	69		TYR
A	88		TYR
A	89		LEU
A	90		PRO
A	91		TRP
A	118		LEU
A	121		ARG
A	123		LEU
A	128		GLU
A	136		SER
A	137		PRO
A	138		GLU
A	140		GLN
A	141		LEU
A	142		LEU
A	144		LEU
A	145		TYR
A	148		TYR
A	152		TYR
A	190		ARG
A	194		VAL
A	197		LYS
A	198		ASP
A	201		LEU
A	202		LYS
A	205		TYR
A	206		SER
A	209		ALA
A	210		GLN
A	212		HIS
A	214		TRP
A	217		LEU
A	221		GLN
A	230		PHE
A	233		MET
A	234		GLN
A	237		VAL
A	238		ALA
A	241		TYR
A	298		THR
A	299		ARG
A	300		ASN
A	301		SER
A	306		TRP
A	309		ILE
A	310		ARG
A	313		ILE
A	364		GLU
A	372		ASP
A	380		ARG
A	383		LYS
A	384		LEU
A	387		GLU
A	388		LEU
A	391		THR
A	392		SER
